{
  "quality": {
    "weather_quality": "FAST",
    "leaves_quality": "FAST",
    "enable_vignette": true,
    "use_quad_normals_for_shading": false
  },
  "advanced": {
    "enable_memory_tracing": false,
    "use_advanced_staging_buffers": true,
    "disable_incompatible_mod_warnings": false,
    "cpu_render_ahead_limit": 7
  },
  "performance": {
    "chunk_builder_threads": 0,
    "always_defer_chunk_updates_v2": true,
    "animate_only_visible_textures": true,
    "use_entity_culling": true,
    "use_fog_occlusion": true,
    "use_block_face_culling": true,
    "use_compact_vertex_format": true,
    "use_translucent_face_sorting_v2": false,
    "use_no_error_g_l_context": true
  },
  "notifications": {
    "force_disable_donation_prompts": false,
    "has_cleared_donation_button": false,
    "has_seen_donation_prompt": true
  }
}